Div,Date,HomeTeam,AwayTeam,FTHG,FTAG,HTHG,HTAG,FTR,AvgCH,AvgCD,AvgCA,MaxCH,MaxCD,MaxCA
EC,03/10/2020,Altrincham,Weymouth,0,0,,,D,1.87,3.55,3.76,1.93,3.87,4.33
EC,03/10/2020,Barnet,Eastleigh,1,5,1,1,A,2.13,3.34,3.17,2.22,3.56,3.5
EC,03/10/2020,Dover Athletic,Notts County,1,0,,,H,4.11,3.65,1.77,4.5,4.0,1.87
EC,03/10/2020,Halifax,Dag and Red,2,0,1,,H,2.5,3.18,2.64,2.75,3.3,2.75
EC,03/10/2020,Hartlepool,Aldershot,2,1,1,,H,1.8,3.5,4.13,1.87,3.7,4.75
EC,03/10/2020,Sutton,Maidenhead,3,0,2,,H,1.83,3.52,3.93,1.89,3.75,4.2
EC,03/10/2020,Torquay,Stockport,1,0,,,H,2.54,3.36,2.54,2.65,3.58,2.66
EC,03/10/2020,Woking,Solihull,2,1,,1,H,2.68,3.17,2.53,2.87,3.3,2.72
EC,03/10/2020,Wrexham,Boreham Wood,2,1,1,,H,2.04,3.42,3.34,2.11,3.68,3.75
EC,03/10/2020,Kings Lynn,Yeovil,2,2,,,D,3.3,3.45,2.04,3.53,3.74,2.15
EC,06/10/2020,Aldershot,Sutton,1,2,,1,A,2.66,3.1,2.59,2.8,3.26,2.7
EC,06/10/2020,Bromley,Dover Athletic,4,1,1,,H,1.95,3.41,3.62,2.04,3.61,3.9
EC,06/10/2020,Chesterfield,Hartlepool,1,2,,,A,2.8,3.41,2.32,3.1,3.68,2.47
EC,06/10/2020,Dag and Red,Barnet,1,2,1,,A,1.81,3.54,4.04,1.9,3.83,4.39
EC,06/10/2020,Eastleigh,Torquay,2,1,,1,H,2.27,3.4,2.86,2.41,3.68,3.08
EC,06/10/2020,Maidenhead,Kings Lynn,2,3,1,1,A,2.62,3.4,2.45,2.78,2.79,2.55
EC,06/10/2020,Solihull,Wrexham,1,0,,,H,2.16,3.32,3.16,2.3,3.49,3.36
EC,06/10/2020,Stockport,Halifax,2,1,1,1,H,1.77,3.57,4.21,1.85,3.82,4.75
EC,06/10/2020,Weymouth,Woking,0,1,,1,A,2.66,3.18,2.54,2.76,3.4,2.72
EC,06/10/2020,Yeovil,Wealdstone,2,2,,1,D,1.57,3.88,5.29,1.61,4.13,6.06
EC,07/10/2020,Notts County,Altrincham,3,1,2,,H,1.4,4.44,6.91,1.44,4.81,8.0
EC,10/10/2020,Boreham Wood,Halifax,0,0,,,D,2.03,3.36,3.38,2.09,3.51,3.61
EC,10/10/2020,Bromley,Torquay,1,2,1,,A,2.05,3.52,3.21,2.19,3.84,3.45
EC,10/10/2020,Chesterfield,Woking,4,0,1,,H,2.35,3.47,2.68,2.51,3.8,2.91
EC,10/10/2020,Eastleigh,Altrincham,1,1,1,1,D,2.05,3.44,3.26,2.12,3.62,3.5
EC,10/10/2020,Maidenhead,Hartlepool,0,4,,1,A,3.75,3.71,1.82,4.25,4.26,1.9
EC,10/10/2020,Notts County,Barnet,4,2,3,1,H,1.69,3.61,4.63,1.78,3.92,5.28
EC,10/10/2020,Solihull,Kings Lynn,5,0,1,,H,1.76,3.84,3.92,1.84,4.25,4.2
EC,10/10/2020,Stockport,Dover Athletic,3,0,,,H,1.6,3.78,5.25,1.65,4.0,5.99
EC,10/10/2020,Weymouth,Sutton,0,1,,,A,3.11,3.19,2.22,3.49,3.4,2.28
EC,10/10/2020,Yeovil,Wrexham,0,1,,1,A,2.07,3.3,3.33,2.18,3.44,3.5
EC,10/10/2020,Dag and Red,Wealdstone,1,0,,,H,1.96,3.64,3.34,2.06,3.87,3.75
EC,12/10/2020,Wrexham,Maidenhead,0,1,,1,A,1.42,4.33,6.75,1.5,4.6,7.84
EC,13/10/2020,Barnet,Weymouth,1,0,1,,H,1.84,3.51,3.9,1.92,3.7,4.33
EC,13/10/2020,Dover Athletic,Aldershot,0,5,,3,A,2.39,3.3,2.75,2.55,3.47,2.94
EC,13/10/2020,Halifax,Yeovil,1,1,1,,D,2.66,3.25,2.5,2.8,3.42,2.66
EC,13/10/2020,Hartlepool,Bromley,0,0,,,D,1.84,3.61,3.79,1.91,3.91,4.5
EC,13/10/2020,Kings Lynn,Boreham Wood,0,3,,2,A,3.08,3.43,2.14,3.3,3.73,2.26
EC,13/10/2020,Sutton,Notts County,0,1,,,A,2.85,3.3,2.33,3.03,3.46,2.4
EC,13/10/2020,Torquay,Chesterfield,2,1,1,1,H,2.12,3.35,3.21,2.25,3.75,3.5
EC,13/10/2020,Wealdstone,Stockport,2,5,1,1,A,3.51,3.58,1.92,3.75,3.86,2.05
EC,13/10/2020,Woking,Dag and Red,2,0,2,,H,3.17,3.36,2.13,3.6,3.51,2.27
EC,17/10/2020,Dag and Red,Yeovil,0,0,,,D,2.8,3.3,2.36,3.0,3.46,2.5
EC,17/10/2020,Eastleigh,Aldershot,2,2,1,1,D,2.01,3.61,3.23,2.1,3.86,3.6
EC,17/10/2020,Notts County,Maidenhead,2,3,2,1,A,1.38,4.64,7.08,1.4,5.01,8.27
EC,17/10/2020,Solihull,Boreham Wood,1,0,,,H,2.25,3.2,3.06,2.4,3.34,3.2
EC,17/10/2020,Torquay,Dover Athletic,2,0,2,,H,1.57,4.0,5.06,1.64,4.39,5.5
EC,17/10/2020,Wealdstone,Wrexham,4,3,2,2,H,3.17,3.44,2.1,3.4,3.64,2.2
EC,17/10/2020,Weymouth,Kings Lynn,2,1,1,,H,2.64,3.25,2.43,2.72,3.44,2.49
EC,17/10/2020,Woking,Halifax,0,0,,,D,2.24,3.41,2.9,2.38,3.68,3.06
EC,17/10/2020,Chesterfield,Stockport,1,2,1,1,A,3.47,3.25,2.05,3.89,3.5,2.12
EC,20/10/2020,Wealdstone,Chesterfield,3,2,2,1,H,2.39,3.51,2.63,2.52,3.65,2.75
EC,27/10/2020,Wrexham,Barnet,0,0,,,D,1.69,3.71,4.47,1.74,4.07,4.95
EC,27/10/2020,Aldershot,Torquay,1,4,1,1,A,2.79,3.26,2.39,2.99,3.65,2.52
EC,27/10/2020,Boreham Wood,Woking,1,0,1,,H,1.82,3.56,3.92,1.88,3.83,4.25
EC,27/10/2020,Bromley,Weymouth,3,2,1,1,H,1.69,3.74,4.46,1.75,4.09,4.97
EC,27/10/2020,Dover Athletic,Eastleigh,3,2,2,1,H,4.19,3.78,1.72,4.6,4.06,1.78
EC,27/10/2020,Hartlepool,Altrincham,1,1,1,,D,1.56,3.77,5.59,1.62,4.05,6.58
EC,27/10/2020,Kings Lynn,Wealdstone,2,3,,1,A,2.11,3.46,3.11,2.2,3.75,3.31
EC,27/10/2020,Maidenhead,Dag and Red,2,1,,1,H,2.46,3.33,2.65,2.59,3.52,2.76
EC,27/10/2020,Stockport,Solihull,0,0,,,D,2.2,3.14,3.21,2.26,3.4,3.48
EC,27/10/2020,Yeovil,Sutton,1,2,1,1,A,2.6,3.17,2.59,2.75,3.36,2.71
EC,31/10/2020,Bromley,Eastleigh,1,2,,,A,2.33,3.43,2.77,2.48,3.59,2.9
EC,31/10/2020,Dover Athletic,Altrincham,0,1,,1,A,2.48,3.32,2.64,2.64,3.5,2.8
EC,31/10/2020,Kings Lynn,Woking,3,2,1,2,H,2.72,3.45,2.35,2.9,3.67,2.5
EC,31/10/2020,Maidenhead,Solihull,3,1,,,H,4.26,3.6,1.75,4.75,3.78,1.82
EC,31/10/2020,Stockport,Weymouth,1,2,1,,A,1.42,4.13,7.35,1.46,4.45,9.65
EC,31/10/2020,Yeovil,Chesterfield,0,1,,,A,1.86,3.46,3.89,1.95,3.8,4.31
EC,31/10/2020,Hartlepool,Torquay,0,5,,3,A,2.18,3.49,2.95,2.25,3.75,3.2
EC,07/11/2020,Aldershot,Notts County,1,0,,,H,3.15,3.51,2.08,3.32,3.75,2.19
EC,07/11/2020,Wealdstone,Altrincham,1,0,,,H,2.32,3.54,2.68,2.39,3.76,2.87
EC,10/11/2020,Boreham Wood,Dag and Red,0,1,,,A,1.72,3.53,4.52,1.79,3.76,5.0
EC,10/11/2020,Halifax,Wealdstone,0,1,,,A,2.09,3.37,3.23,2.15,3.6,3.48
EC,11/11/2020,Altrincham,Solihull,0,2,,2,A,3.48,3.51,1.95,3.7,3.79,2.08
EC,14/11/2020,Altrincham,Aldershot,1,2,,1,A,3.14,3.55,2.08,3.3,3.91,2.2
EC,14/11/2020,Barnet,Bromley,1,3,,2,A,2.85,3.51,2.23,3.2,3.82,2.34
EC,14/11/2020,Chesterfield,Maidenhead,1,2,1,,A,2.15,3.61,2.94,2.24,3.95,3.29
EC,14/11/2020,Sutton,Kings Lynn,5,1,1,,H,1.59,4.07,4.74,1.65,4.39,5.25
EC,14/11/2020,Torquay,Boreham Wood,1,1,1,1,D,2.11,3.23,3.31,2.21,3.5,3.54
EC,14/11/2020,Woking,Yeovil,1,1,,1,D,2.73,3.22,2.46,2.85,3.4,2.57
EC,17/11/2020,Hartlepool,Wrexham,0,1,,,A,2.47,3.25,2.69,2.62,3.44,2.84
EC,17/11/2020,Sutton,Dag and Red,1,1,1,,D,1.72,3.54,4.54,1.77,4.0,5.0
EC,17/11/2020,Aldershot,Maidenhead,0,0,,,D,1.93,3.76,3.36,2.05,4.15,3.63
EC,17/11/2020,Altrincham,Chesterfield,3,2,1,1,H,2.78,3.36,2.35,3.02,3.53,2.48
EC,17/11/2020,Barnet,Kings Lynn,0,2,,1,A,2.27,3.5,2.8,2.36,3.86,3.1
EC,17/11/2020,Bromley,Boreham Wood,1,1,1,1,D,2.66,3.35,2.45,2.87,3.65,2.55
EC,17/11/2020,Dover Athletic,Woking,1,5,1,3,A,3.41,3.4,2.01,3.77,3.75,2.07
EC,17/11/2020,Eastleigh,Wealdstone,2,0,,,H,1.78,3.99,3.73,1.84,4.47,4.2
EC,17/11/2020,Halifax,Notts County,1,1,,1,D,3.35,3.37,2.04,3.7,3.6,2.12
EC,21/11/2020,Boreham Wood,Altrincham,0,1,,,A,1.63,3.71,4.98,1.68,3.92,5.53
EC,21/11/2020,Chesterfield,Notts County,2,3,1,1,A,3.38,3.5,1.98,3.6,3.68,2.04
EC,21/11/2020,Halifax,Torquay,1,2,,1,A,3.14,3.51,2.07,3.43,3.75,2.15
EC,21/11/2020,Kings Lynn,Dover Athletic,2,0,1,,H,1.86,3.72,3.57,2.0,4.06,3.75
EC,21/11/2020,Maidenhead,Bromley,2,2,1,,D,2.99,3.56,2.13,3.2,3.78,2.23
EC,21/11/2020,Woking,Barnet,4,1,2,,H,1.97,3.56,3.37,2.1,3.87,3.65
EC,21/11/2020,Wrexham,Aldershot,1,0,,,H,1.87,3.55,3.69,1.95,3.84,4.05
EC,21/11/2020,Yeovil,Hartlepool,1,3,1,3,A,2.47,3.41,2.58,2.62,3.69,2.7
EC,21/11/2020,Wealdstone,Sutton,3,3,,2,D,3.55,3.74,1.86,3.82,4.12,1.99
EC,24/11/2020,Altrincham,Bromley,0,1,,1,A,3.01,3.37,2.2,3.25,3.6,2.32
EC,24/11/2020,Barnet,Hartlepool,0,0,,,D,3.61,3.58,1.91,3.88,3.84,1.96
EC,24/11/2020,Wrexham,Sutton,4,0,2,,H,2.73,3.15,2.5,2.86,3.4,2.63
EC,27/11/2020,Notts County,Wealdstone,3,0,2,,H,1.57,4.0,5.07,1.63,4.33,5.75
EC,28/11/2020,Altrincham,Maidenhead,2,0,,,H,2.42,3.32,2.69,2.55,3.5,2.82
EC,28/11/2020,Bromley,Wrexham,1,1,1,,D,2.52,3.35,2.58,2.6,3.63,2.71
EC,28/11/2020,Sutton,Halifax,1,0,1,,H,1.73,3.69,4.24,1.79,3.97,4.69
EC,28/11/2020,Weymouth,Chesterfield,1,2,1,1,A,2.65,3.38,2.41,2.79,3.57,2.52
EC,01/12/2020,Chesterfield,Aldershot,0,0,,,D,2.22,3.43,2.92,2.3,3.64,3.17
EC,01/12/2020,Kings Lynn,Bromley,1,4,,3,A,2.93,3.67,2.12,3.2,4.08,2.2
EC,01/12/2020,Solihull,Hartlepool,2,0,,,H,2.24,3.31,2.99,2.31,3.57,3.16
EC,01/12/2020,Wealdstone,Torquay,1,2,1,,A,4.69,4.09,1.6,5.5,4.48,1.74
EC,01/12/2020,Woking,Sutton,0,1,,1,A,3.07,3.22,2.23,3.32,3.38,2.31
EC,01/12/2020,Wrexham,Altrincham,0,1,,1,A,1.67,3.56,4.91,1.73,3.75,5.41
EC,01/12/2020,Yeovil,Eastleigh,1,3,,2,A,2.34,3.43,2.74,2.45,3.73,2.85
EC,02/12/2020,Dag and Red,Notts County,0,0,,,D,3.48,3.52,1.94,3.78,3.81,2.0
EC,02/12/2020,Halifax,Barnet,5,2,3,,H,2.21,3.42,2.91,2.3,3.6,3.1
EC,05/12/2020,Aldershot,Dag and Red,2,1,2,,H,2.13,3.38,3.12,2.21,3.6,3.36
EC,05/12/2020,Barnet,Wealdstone,0,0,,,D,2.29,3.43,2.8,2.42,3.62,2.97
EC,05/12/2020,Bromley,Stockport,0,2,,1,A,2.6,3.46,2.43,2.75,3.67,2.55
EC,05/12/2020,Eastleigh,Maidenhead,0,1,,,A,1.84,3.71,3.67,1.9,3.97,4.2
EC,05/12/2020,Hartlepool,Boreham Wood,1,2,1,1,A,2.67,3.49,2.36,2.84,3.8,2.49
EC,05/12/2020,Notts County,Woking,1,0,,,H,1.62,3.85,4.84,1.69,4.06,5.25
EC,05/12/2020,Sutton,Solihull,4,1,2,,H,2.4,3.35,2.7,2.5,3.56,2.87
EC,05/12/2020,Torquay,Wrexham,3,1,2,1,H,2.08,3.39,3.25,2.2,3.53,3.5
EC,05/12/2020,Weymouth,Halifax,1,5,,2,A,2.86,3.2,2.37,3.1,3.5,2.45
EC,08/12/2020,Hartlepool,Kings Lynn,2,0,1,,H,1.7,3.84,4.25,1.76,4.13,4.75
EC,08/12/2020,Sutton,Chesterfield,0,1,,1,A,1.82,3.56,3.96,1.9,3.75,4.27
EC,08/12/2020,Aldershot,Halifax,1,3,1,,A,2.47,3.21,2.72,2.61,3.37,2.86
EC,08/12/2020,Barnet,Stockport,1,2,,1,A,4.56,3.94,1.64,5.17,4.29,1.72
EC,08/12/2020,Bromley,Yeovil,1,2,,2,A,2.08,3.43,3.21,2.21,3.6,3.5
EC,08/12/2020,Notts County,Boreham Wood,0,1,,,A,2.15,3.37,3.1,2.25,3.72,3.4
EC,08/12/2020,Torquay,Maidenhead,2,1,1,,H,1.44,4.38,6.16,1.53,4.82,7.03
EC,08/12/2020,Weymouth,Dag and Red,2,3,1,2,A,2.87,3.14,2.4,3.05,3.3,2.52
EC,12/12/2020,Boreham Wood,Aldershot,3,2,2,1,H,1.83,3.47,3.98,1.9,3.75,4.5
EC,12/12/2020,Chesterfield,Barnet,6,0,1,,H,1.73,3.94,3.95,1.84,4.4,4.75
EC,12/12/2020,Dag and Red,Altrincham,0,1,,1,A,2.36,3.32,2.77,2.53,3.59,3.05
EC,12/12/2020,Kings Lynn,Torquay,0,0,,,D,4.09,3.77,1.74,4.75,4.1,1.83
EC,12/12/2020,Wealdstone,Weymouth,2,1,1,1,H,2.04,3.52,3.22,2.1,3.72,3.42
EC,12/12/2020,Woking,Hartlepool,3,0,2,,H,2.69,3.3,2.43,2.86,3.46,2.55
EC,12/12/2020,Solihull,Bromley,0,1,,1,A,2.11,3.42,3.14,2.25,3.61,3.4
EC,15/12/2020,Notts County,Stockport,1,0,1,,H,2.53,3.31,2.56,2.76,3.54,2.7
EC,15/12/2020,Solihull,Halifax,2,1,1,1,H,1.92,3.56,3.51,1.99,3.92,3.8
EC,15/12/2020,Torquay,Dag and Red,0,1,,1,A,1.63,3.78,4.8,1.68,4.2,5.52
EC,15/12/2020,Weymouth,Wrexham,2,3,2,,A,3.95,3.47,1.83,4.29,3.63,1.9
EC,22/12/2020,Hartlepool,Stockport,4,0,1,,H,2.78,3.24,2.41,2.93,3.5,2.55
EC,22/12/2020,Halifax,Eastleigh,3,1,2,,H,2.28,3.37,2.87,2.43,3.52,3.07
EC,26/12/2020,Aldershot,Woking,3,0,3,,H,2.49,3.29,2.64,2.64,3.5,2.8
EC,26/12/2020,Altrincham,Stockport,1,1,1,,D,3.73,3.51,1.88,4.0,3.75,1.96
EC,26/12/2020,Eastleigh,Weymouth,0,0,,,D,1.78,3.49,4.29,1.87,3.86,4.86
EC,26/12/2020,Hartlepool,Halifax,3,1,1,1,H,2.05,3.39,3.32,2.14,3.6,3.6
EC,26/12/2020,Maidenhead,Wealdstone,4,0,2,,H,2.34,3.55,2.66,2.48,3.83,2.9
EC,26/12/2020,Torquay,Yeovil,6,1,4,,H,1.8,3.69,3.89,1.86,4.05,4.2
EC,26/12/2020,Dover Athletic,Dag and Red,0,1,,,A,3.63,3.38,1.95,4.01,3.75,2.14
EC,28/12/2020,Woking,Eastleigh,0,0,,,D,2.42,3.34,2.7,2.53,3.54,2.92
EC,28/12/2020,Halifax,Altrincham,3,2,2,1,H,1.93,3.46,3.64,2.0,3.77,4.1
EC,28/12/2020,Notts County,Hartlepool,0,1,,1,A,2.11,3.49,3.13,2.21,3.83,3.4
EC,28/12/2020,Stockport,Wrexham,2,0,2,,H,2.01,3.39,3.46,2.07,3.53,3.75
EC,28/12/2020,Weymouth,Torquay,3,4,1,2,A,4.51,3.9,1.66,5.0,4.16,1.72
EC,28/12/2020,Yeovil,Aldershot,3,0,1,,H,2.02,3.4,3.42,2.13,3.56,3.82
EC,02/01/2021,Chesterfield,Solihull,1,0,1,,H,2.44,3.46,2.6,2.53,3.7,2.7
EC,02/01/2021,Stockport,Altrincham,2,2,1,,D,1.53,4.07,5.48,1.59,4.5,6.5
EC,02/01/2021,Weymouth,Eastleigh,1,1,,1,D,3.28,3.6,2.01,3.56,3.88,2.17
EC,02/01/2021,Woking,Aldershot,0,1,,,A,2.06,3.41,3.31,2.13,3.6,3.5
EC,02/01/2021,Yeovil,Torquay,2,1,,,H,3.18,3.47,2.09,3.43,3.78,2.19
EC,02/01/2021,Barnet,Boreham Wood,0,3,,3,A,3.67,3.46,1.92,4.0,3.66,2.02
EC,05/01/2021,Solihull,Chesterfield,2,1,,1,H,2.39,3.38,2.7,2.54,3.68,2.8
EC,05/01/2021,Weymouth,Yeovil,0,3,,2,A,3.8,3.71,1.82,4.0,4.1,1.93
EC,09/01/2021,Hartlepool,Wealdstone,3,1,1,,H,1.64,3.89,4.65,1.69,4.25,5.5
EC,09/01/2021,Kings Lynn,Halifax,1,1,1,,D,2.84,3.53,2.25,3.1,3.85,2.38
EC,09/01/2021,Sutton,Altrincham,2,2,2,1,D,1.82,3.48,4.28,1.96,3.61,5.35
EC,12/01/2021,Dover Athletic,Boreham Wood,1,1,,1,D,7.42,4.38,1.38,8.35,4.73,1.44
EC,16/01/2021,Wrexham,Dover Athletic,3,1,1,1,H,1.43,4.49,6.33,1.48,4.75,7.5
EC,19/01/2021,Dag and Red,Stockport,0,2,,,A,4.2,3.46,1.8,4.6,3.67,1.91
EC,19/01/2021,Eastleigh,Kings Lynn,0,1,,1,A,1.93,3.63,3.44,2.01,3.93,3.74
EC,23/01/2021,Barnet,Altrincham,1,2,1,1,A,2.65,3.37,2.42,2.75,3.6,2.61
EC,23/01/2021,Bromley,Halifax,1,2,1,1,A,2.4,3.41,2.7,2.5,3.52,2.8
EC,23/01/2021,Chesterfield,Wrexham,2,1,1,1,H,2.09,3.48,3.13,2.2,3.72,3.25
EC,23/01/2021,Dag and Red,Kings Lynn,3,2,,2,H,2.31,3.35,2.83,2.4,3.61,3.1
EC,23/01/2021,Dover Athletic,Solihull,0,2,,1,A,5.45,3.66,1.61,6.45,4.33,1.67
EC,23/01/2021,Notts County,Torquay,0,0,,,D,2.58,3.46,2.44,2.65,3.62,2.53
EC,23/01/2021,Stockport,Boreham Wood,1,1,1,,D,2.15,3.32,3.15,2.25,3.75,3.5
EC,23/01/2021,Sutton,Eastleigh,3,0,2,,H,2.03,3.37,3.37,2.2,3.54,3.75
EC,23/01/2021,Wealdstone,Aldershot,3,4,2,3,A,2.6,3.49,2.41,2.71,3.84,2.6
EC,23/01/2021,Weymouth,Hartlepool,1,0,1,,H,4.44,3.6,1.72,5.0,3.8,1.78
EC,23/01/2021,Woking,Maidenhead,0,0,,,D,2.07,3.37,3.27,2.14,3.6,3.4
EC,26/01/2021,Torquay,Sutton,0,0,,,D,2.16,3.28,3.2,2.27,3.56,3.5
EC,26/01/2021,Wrexham,Halifax,0,0,,,D,2.72,3.24,2.47,2.87,3.57,2.6
EC,26/01/2021,Aldershot,Weymouth,0,2,,2,A,1.45,4.4,5.99,1.5,4.66,7.5
EC,26/01/2021,Altrincham,Wealdstone,2,0,1,,H,1.73,3.84,4.08,1.78,4.06,4.5
EC,26/01/2021,Boreham Wood,Chesterfield,0,0,,,D,2.37,3.25,2.85,2.5,3.62,3.25
EC,26/01/2021,Bromley,Woking,2,2,1,,D,2.25,3.28,3.01,2.34,3.52,3.31
EC,26/01/2021,Dover Athletic,Barnet,3,1,3,,H,2.37,3.53,2.66,2.62,3.75,2.8
EC,26/01/2021,Eastleigh,Dag and Red,3,0,1,,H,2.56,3.29,2.58,2.66,3.48,2.81
EC,27/01/2021,Maidenhead,Yeovil,4,2,1,1,H,2.86,3.26,2.35,3.0,3.42,2.4
EC,27/01/2021,Notts County,Solihull,2,0,,,H,2.1,3.39,3.25,2.41,3.64,3.5
EC,30/01/2021,Barnet,Torquay,0,2,,1,A,4.89,4.08,1.58,5.45,4.31,1.62
EC,30/01/2021,Boreham Wood,Eastleigh,1,2,1,,A,1.86,3.65,3.73,1.91,3.95,4.2
EC,30/01/2021,Dag and Red,Chesterfield,2,2,1,2,D,2.71,3.5,2.34,2.9,3.72,2.44
EC,30/01/2021,Halifax,Maidenhead,2,3,1,2,A,2.02,3.28,3.56,2.09,3.6,4.51
EC,30/01/2021,Hartlepool,Sutton,1,0,,,H,2.57,3.03,2.76,2.7,3.3,2.9
EC,30/01/2021,Kings Lynn,Wrexham,0,2,,2,A,2.95,3.59,2.15,3.25,3.89,2.26
EC,30/01/2021,Weymouth,Notts County,0,1,,,A,6.75,4.37,1.41,7.21,4.6,1.45
EC,30/01/2021,Woking,Stockport,1,4,,3,A,3.33,3.35,2.07,3.6,3.6,2.17
EC,30/01/2021,Yeovil,Dover Athletic,3,1,1,1,H,1.61,4.0,4.69,1.66,4.33,5.1
EC,30/01/2021,Bromley,Aldershot,2,0,1,,H,2.13,3.65,2.96,2.24,4.0,3.21
EC,02/02/2021,Aldershot,Barnet,2,1,,,H,1.73,3.8,4.19,1.78,4.04,4.59
EC,02/02/2021,Eastleigh,Wrexham,1,1,,1,D,2.4,3.2,2.84,2.5,3.35,3.06
EC,02/02/2021,Stockport,Sutton,0,2,,1,A,2.02,3.42,3.43,2.1,3.75,3.63
EC,02/02/2021,Boreham Wood,Weymouth,1,0,,,H,1.64,3.63,5.06,1.71,4.2,5.75
EC,02/02/2021,Torquay,Altrincham,1,2,1,2,A,1.68,3.75,4.69,1.75,4.0,5.11
EC,06/02/2021,Eastleigh,Solihull,1,1,1,,D,2.36,3.29,2.8,2.58,3.42,3.0
EC,06/02/2021,Maidenhead,Boreham Wood,0,1,,,A,2.83,3.47,2.28,3.0,3.79,2.41
EC,06/02/2021,Weymouth,Bromley,2,1,2,1,H,3.46,3.45,1.98,3.6,3.68,2.06
EC,06/02/2021,Wrexham,Dag and Red,2,2,1,,D,2.24,3.06,3.23,2.32,3.4,3.53
EC,06/02/2021,Stockport,Yeovil,1,0,1,,H,1.94,3.67,3.39,2.03,4.0,3.8
EC,09/02/2021,Hartlepool,Solihull,2,0,1,,H,1.96,3.46,3.53,2.02,3.67,3.8
EC,09/02/2021,Notts County,Dag and Red,3,1,3,,H,1.75,3.39,4.65,1.8,3.77,5.5
EC,09/02/2021,Eastleigh,Yeovil,1,0,1,,H,2.79,3.3,2.38,3.0,3.55,2.53
EC,09/02/2021,Altrincham,Wrexham,1,2,,1,A,2.86,3.06,2.46,3.0,3.25,2.89
EC,09/02/2021,Bromley,Kings Lynn,2,0,1,,H,1.84,3.4,4.1,1.9,3.6,4.65
EC,09/02/2021,Torquay,Wealdstone,1,1,,1,D,1.48,4.52,5.45,1.54,5.01,6.0
EC,13/02/2021,Stockport,Aldershot,0,0,,,D,1.75,3.27,4.8,1.85,3.8,5.4
EC,13/02/2021,Sutton,Boreham Wood,2,0,1,,H,2.34,3.27,2.93,2.38,3.33,3.03
EC,13/02/2021,Yeovil,Altrincham,2,0,,,H,2.12,3.52,3.03,2.21,3.81,3.3
EC,16/02/2021,Eastleigh,Hartlepool,2,1,2,,H,2.88,3.3,2.3,3.1,3.5,2.45
EC,16/02/2021,Aldershot,Solihull,1,3,,2,A,2.69,3.19,2.5,2.78,3.33,2.64
EC,16/02/2021,Barnet,Halifax,2,1,2,1,H,3.94,3.84,1.75,4.55,4.21,1.86
EC,16/02/2021,Dag and Red,Bromley,1,0,1,,H,3.02,3.28,2.25,3.23,3.49,2.54
EC,16/02/2021,Wrexham,Woking,2,0,1,,H,2.21,3.16,3.19,2.3,3.36,3.4
EC,16/02/2021,Boreham Wood,Yeovil,2,3,,3,A,2.22,3.27,3.08,2.34,3.5,3.26
EC,16/02/2021,Kings Lynn,Notts County,0,1,,,A,4.29,3.85,1.7,4.75,4.24,1.83
EC,16/02/2021,Maidenhead,Stockport,0,0,,,D,4.75,3.9,1.62,5.25,4.11,1.67
EC,20/02/2021,Aldershot,Wrexham,3,0,1,,H,2.48,3.28,2.65,2.6,3.42,2.83
EC,20/02/2021,Altrincham,Boreham Wood,2,3,,2,A,2.88,3.13,2.39,3.1,3.4,2.52
EC,20/02/2021,Barnet,Woking,0,2,,1,A,2.79,3.36,2.34,3.18,3.68,2.45
EC,20/02/2021,Bromley,Maidenhead,2,2,2,,D,1.93,3.64,3.44,2.05,3.81,3.61
EC,20/02/2021,Eastleigh,Stockport,1,0,,,H,3.52,3.68,1.89,4.08,4.05,2.08
EC,20/02/2021,Hartlepool,Yeovil,2,1,,,H,2.03,3.39,3.38,2.11,3.6,3.75
EC,20/02/2021,Notts County,Chesterfield,0,1,,1,A,2.07,3.49,3.2,2.18,3.74,3.79
EC,20/02/2021,Sutton,Wealdstone,4,1,3,,H,1.63,3.91,4.63,1.7,4.21,5.04
EC,20/02/2021,Weymouth,Solihull,0,0,,,D,3.54,3.23,2.03,4.08,3.44,2.12
EC,20/02/2021,Torquay,Halifax,2,3,1,1,A,1.93,3.54,3.54,2.0,3.73,3.81
EC,23/02/2021,Dag and Red,Sutton,1,2,,1,A,3.42,3.16,2.11,3.7,3.5,2.23
EC,23/02/2021,Maidenhead,Aldershot,2,4,1,3,A,2.65,3.21,2.54,2.79,3.44,2.64
EC,23/02/2021,Solihull,Torquay,1,2,,1,A,2.7,3.2,2.5,2.9,3.4,2.66
EC,23/02/2021,Wrexham,Hartlepool,0,0,,,D,2.87,3.07,2.45,3.06,3.33,2.65
EC,23/02/2021,Boreham Wood,Bromley,1,1,1,,D,2.17,3.45,3.01,2.27,3.75,3.16
EC,23/02/2021,Chesterfield,Altrincham,1,0,,,H,1.79,3.68,4.0,2.08,3.94,4.32
EC,23/02/2021,Kings Lynn,Barnet,5,1,2,1,H,2.03,3.43,3.34,2.11,3.6,3.58
EC,23/02/2021,Stockport,Notts County,0,0,,,D,2.1,3.31,3.29,2.23,3.5,3.49
EC,23/02/2021,Wealdstone,Eastleigh,0,0,,,D,3.58,3.78,1.85,3.84,4.03,2.12
EC,23/02/2021,Yeovil,Weymouth,3,1,1,1,H,1.63,3.82,4.81,1.68,4.1,5.3
EC,27/02/2021,Boreham Wood,Solihull,2,2,1,1,D,2.45,3.06,2.86,2.53,3.4,3.06
EC,27/02/2021,Bromley,Altrincham,3,1,3,1,H,2.25,3.54,2.81,2.36,3.81,3.0
EC,27/02/2021,Kings Lynn,Weymouth,2,2,2,2,D,1.98,3.26,3.77,2.07,3.6,4.0
EC,27/02/2021,Stockport,Chesterfield,2,0,,,H,2.1,3.61,3.02,2.15,4.01,3.2
EC,27/02/2021,Wrexham,Wealdstone,4,1,,1,H,1.64,3.71,4.92,1.72,4.0,5.5
EC,27/02/2021,Yeovil,Dag and Red,1,0,,,H,2.1,3.39,3.19,2.2,3.62,3.34
EC,27/02/2021,Hartlepool,Barnet,1,0,1,,H,1.35,4.78,7.47,1.41,5.5,9.2
EC,02/03/2021,Altrincham,Woking,1,0,,,H,2.4,3.04,2.94,2.55,3.5,3.08
EC,02/03/2021,Halifax,Hartlepool,1,1,,1,D,2.88,3.1,2.41,3.04,3.5,2.55
EC,02/03/2021,Solihull,Dag and Red,0,1,,,A,2.03,3.34,3.43,2.1,3.54,3.62
EC,02/03/2021,Sutton,Bromley,3,2,,1,H,2.1,3.12,3.48,2.17,3.4,3.74
EC,02/03/2021,Barnet,Yeovil,1,4,1,2,A,4.77,3.72,1.65,5.25,3.92,1.73
EC,02/03/2021,Chesterfield,Eastleigh,1,0,,,H,1.87,3.41,3.92,1.92,3.6,4.3
EC,02/03/2021,Notts County,Kings Lynn,2,2,2,1,D,1.57,3.91,5.33,1.62,4.2,6.19
EC,02/03/2021,Wealdstone,Boreham Wood,1,0,1,,H,4.57,3.65,1.7,5.2,3.83,1.75
EC,06/03/2021,Chesterfield,Yeovil,3,0,,,H,2.06,3.34,3.32,2.14,3.5,3.54
EC,06/03/2021,Dag and Red,Boreham Wood,2,2,,1,D,2.61,3.34,2.47,2.8,3.59,2.55
EC,06/03/2021,Eastleigh,Bromley,1,2,,,A,2.58,3.31,2.52,2.7,3.48,2.61
EC,06/03/2021,Solihull,Maidenhead,1,1,,1,D,1.83,3.47,3.95,1.91,3.66,4.3
EC,06/03/2021,Torquay,Hartlepool,0,1,,1,A,2.16,3.5,2.97,2.25,3.81,3.14
EC,06/03/2021,Wealdstone,Halifax,1,2,1,,A,3.27,3.57,2.0,3.4,3.78,2.07
EC,06/03/2021,Weymouth,Stockport,1,0,1,,H,5.33,3.84,1.57,5.78,4.06,1.61
EC,06/03/2021,Woking,Kings Lynn,3,0,1,,H,2.11,3.31,3.29,2.38,3.5,3.75
EC,06/03/2021,Sutton,Wrexham,0,0,,,D,2.05,3.35,3.37,2.16,3.49,3.9
EC,09/03/2021,Barnet,Wrexham,0,2,,1,A,4.79,3.61,1.68,5.32,3.89,1.74
EC,09/03/2021,Dag and Red,Maidenhead,2,1,2,,H,2.02,3.37,3.42,2.2,3.59,3.6
EC,09/03/2021,Solihull,Stockport,0,5,,4,A,2.94,3.21,2.32,3.1,3.4,2.4
EC,09/03/2021,Sutton,Yeovil,2,1,1,,H,2.06,3.07,3.65,2.15,3.32,3.99
EC,09/03/2021,Altrincham,Hartlepool,1,1,1,1,D,3.51,3.21,2.05,3.7,3.34,2.12
EC,09/03/2021,Notts County,Halifax,1,2,,1,A,2.06,3.43,3.27,2.15,3.66,3.6
EC,09/03/2021,Wealdstone,Kings Lynn,3,1,2,,H,2.67,3.62,2.33,2.9,3.81,2.43
EC,09/03/2021,Woking,Boreham Wood,0,0,,,D,3.21,3.02,2.27,3.5,3.22,2.39
EC,13/03/2021,Aldershot,Altrincham,2,1,1,,H,2.45,3.17,2.77,2.6,3.4,2.9
EC,13/03/2021,Bromley,Barnet,2,2,1,1,D,1.31,5.2,7.93,1.34,5.55,9.0
EC,13/03/2021,Halifax,Solihull,1,0,,,H,1.81,3.78,3.8,1.91,4.31,4.33
EC,13/03/2021,Hartlepool,Eastleigh,0,0,,,D,1.9,3.41,3.81,1.98,3.6,4.2
EC,13/03/2021,Kings Lynn,Sutton,0,1,,,A,5.53,3.95,1.56,6.0,4.35,1.62
EC,13/03/2021,Maidenhead,Chesterfield,2,0,1,,H,3.39,3.56,1.98,3.67,3.77,2.05
EC,13/03/2021,Wealdstone,Notts County,0,1,,,A,5.23,4.1,1.55,6.0,4.49,1.63
EC,13/03/2021,Wrexham,Weymouth,2,0,,,H,1.7,3.43,5.01,1.75,3.72,5.83
EC,13/03/2021,Yeovil,Woking,2,1,1,,H,2.17,3.47,3.01,2.22,3.75,3.14
EC,13/03/2021,Boreham Wood,Torquay,0,0,,,D,2.76,3.42,2.34,2.9,3.59,2.45
EC,16/03/2021,Chesterfield,Sutton,0,1,,1,A,2.19,3.13,3.28,2.3,3.32,3.56
EC,16/03/2021,Halifax,Aldershot,1,0,,,H,1.81,3.52,4.06,1.88,3.7,4.41
EC,16/03/2021,Kings Lynn,Hartlepool,2,2,2,1,D,4.35,3.53,1.76,5.0,3.73,1.8
EC,16/03/2021,Stockport,Barnet,2,1,1,,H,1.22,5.78,11.07,1.26,6.47,13.0
EC,16/03/2021,Wrexham,Eastleigh,2,2,1,1,D,2.16,3.09,3.38,2.32,3.4,3.61
EC,16/03/2021,Boreham Wood,Notts County,2,2,1,,D,2.7,3.03,2.61,2.8,3.5,2.75
EC,16/03/2021,Dag and Red,Weymouth,1,1,1,,D,1.75,3.55,4.37,1.8,3.75,4.8
EC,16/03/2021,Maidenhead,Torquay,4,1,2,,H,3.35,3.56,1.99,3.71,3.86,2.09
EC,16/03/2021,Woking,Altrincham,1,1,1,,D,2.26,3.19,3.05,2.38,3.4,3.28
EC,16/03/2021,Yeovil,Bromley,1,2,,,A,2.4,3.21,2.83,2.52,3.5,3.0
EC,20/03/2021,Aldershot,Boreham Wood,3,3,,1,D,2.84,3.22,2.38,2.96,3.4,2.45
EC,20/03/2021,Altrincham,Dag and Red,0,1,,,A,2.31,3.24,2.94,2.43,3.43,3.1
EC,20/03/2021,Barnet,Chesterfield,0,2,,1,A,4.96,3.74,1.64,5.5,3.98,1.68
EC,20/03/2021,Bromley,Solihull,1,0,,,H,2.29,3.36,2.89,2.35,3.48,3.0
EC,20/03/2021,Eastleigh,Halifax,1,0,,,H,2.72,2.89,2.71,2.9,3.26,2.94
EC,20/03/2021,Hartlepool,Woking,1,0,,,H,1.8,3.44,4.25,1.87,3.62,5.25
EC,20/03/2021,Notts County,Yeovil,2,0,1,,H,1.94,3.45,3.65,2.0,3.61,4.0
EC,20/03/2021,Sutton,Stockport,1,1,,,D,2.45,3.08,2.85,2.6,3.4,2.99
EC,20/03/2021,Torquay,Kings Lynn,1,0,,,H,1.53,4.12,5.28,1.57,4.34,5.83
EC,20/03/2021,Weymouth,Wealdstone,4,0,1,,H,2.3,3.38,2.86,2.36,3.58,3.0
EC,23/03/2021,Aldershot,Chesterfield,0,1,,1,A,3.13,3.36,2.16,3.43,3.51,2.27
EC,23/03/2021,Altrincham,Kings Lynn,3,0,1,,H,2.04,3.4,3.39,2.12,3.63,3.6
EC,23/03/2021,Bromley,Sutton,1,3,,1,A,2.81,3.24,2.4,2.94,3.4,2.52
EC,23/03/2021,Dag and Red,Hartlepool,0,1,,1,A,3.45,3.22,2.08,3.64,3.5,2.15
EC,23/03/2021,Stockport,Eastleigh,3,0,1,,H,1.49,3.87,6.5,1.65,4.31,7.0
EC,23/03/2021,Torquay,Solihull,2,0,2,,H,1.99,3.45,3.49,2.1,3.68,3.78
EC,23/03/2021,Wealdstone,Woking,0,1,,,A,3.31,3.53,2.03,3.6,3.78,2.34
EC,23/03/2021,Yeovil,Notts County,2,2,2,,D,2.77,3.0,2.59,2.89,3.2,2.73
EC,27/03/2021,Chesterfield,Weymouth,1,0,1,,H,1.55,4.01,5.36,1.62,4.33,6.19
EC,27/03/2021,Dag and Red,Torquay,1,0,,,H,2.79,3.23,2.4,2.93,3.42,2.5
EC,27/03/2021,Halifax,Sutton,2,2,1,,D,2.65,3.17,2.56,2.8,3.34,2.7
EC,27/03/2021,Kings Lynn,Eastleigh,2,1,,1,H,2.59,3.23,2.58,2.74,3.5,2.7
EC,27/03/2021,Solihull,Aldershot,1,0,1,,H,2.28,3.37,2.88,2.41,3.57,3.31
EC,27/03/2021,Stockport,Hartlepool,1,1,,,D,2.34,3.22,2.9,2.41,3.43,3.05
EC,27/03/2021,Wrexham,Bromley,3,0,2,,H,2.37,3.24,2.82,2.44,3.43,2.93
EC,27/03/2021,Yeovil,Barnet,3,1,3,,H,1.45,4.39,6.08,1.52,4.75,7.5
EC,27/03/2021,Maidenhead,Altrincham,0,1,,,A,2.05,3.54,3.18,2.23,3.83,3.5
EC,30/03/2021,Notts County,Aldershot,0,1,,1,A,1.68,3.59,4.84,1.76,3.76,5.5
EC,30/03/2021,Solihull,Wealdstone,3,0,1,,H,1.49,4.14,5.92,1.56,4.5,7.0
EC,02/04/2021,Notts County,Wrexham,1,0,,,H,2.24,3.23,3.08,2.32,3.47,3.3
EC,02/04/2021,Hartlepool,Dag and Red,2,1,1,1,H,1.7,3.56,4.71,1.76,3.73,5.2
EC,02/04/2021,Aldershot,Stockport,1,2,,1,A,4.07,3.43,1.86,4.33,3.75,1.91
EC,02/04/2021,Barnet,Solihull,0,2,,1,A,3.71,3.59,1.88,4.0,3.8,2.02
EC,02/04/2021,Boreham Wood,Sutton,0,0,,,D,2.67,3.18,2.55,2.77,3.6,2.64
EC,02/04/2021,Bromley,Wealdstone,2,2,1,2,D,1.53,4.13,5.42,1.58,4.4,7.0
EC,02/04/2021,Eastleigh,Chesterfield,0,1,,,A,3.22,3.25,2.17,3.41,3.41,2.32
EC,02/04/2021,Torquay,Woking,1,0,,,H,1.63,3.6,5.38,1.68,3.88,6.3
EC,02/04/2021,Weymouth,Maidenhead,2,1,,,H,2.61,3.28,2.54,2.73,3.6,2.7
EC,05/04/2021,Boreham Wood,Hartlepool,2,2,2,1,D,2.85,3.07,2.47,2.98,3.25,2.65
EC,05/04/2021,Dag and Red,Aldershot,0,2,,1,A,2.25,3.19,3.1,2.31,3.36,3.3
EC,05/04/2021,Halifax,Weymouth,3,2,2,1,H,1.58,3.84,5.29,1.64,4.0,6.0
EC,05/04/2021,Kings Lynn,Altrincham,2,0,,,H,2.81,3.27,2.37,2.9,3.44,2.49
EC,05/04/2021,Maidenhead,Eastleigh,0,1,,,A,2.29,3.35,2.87,2.4,3.48,3.2
EC,05/04/2021,Solihull,Sutton,0,0,,,D,3.25,3.26,2.15,3.6,3.4,2.22
EC,05/04/2021,Wealdstone,Barnet,5,1,2,,H,2.14,3.58,2.99,2.24,3.9,3.2
EC,05/04/2021,Woking,Notts County,2,4,2,1,A,2.96,3.17,2.34,3.2,3.4,2.46
EC,05/04/2021,Wrexham,Torquay,0,1,,,A,2.98,3.23,2.3,3.2,3.4,2.41
EC,05/04/2021,Stockport,Bromley,0,0,,,D,1.7,3.66,4.54,1.77,3.9,5.5
EC,10/04/2021,Altrincham,Halifax,0,1,,1,A,2.53,3.22,2.65,2.67,3.4,2.75
EC,10/04/2021,Boreham Wood,Wealdstone,3,1,,,H,1.48,3.97,6.45,1.53,4.3,8.0
EC,10/04/2021,Bromley,Dag and Red,1,0,1,,H,2.18,3.52,2.96,2.32,3.87,3.1
EC,10/04/2021,Eastleigh,Woking,0,0,,,D,2.2,3.01,3.41,2.31,3.18,3.81
EC,10/04/2021,Kings Lynn,Chesterfield,1,2,1,,A,3.85,3.63,1.83,4.17,3.96,1.91
EC,10/04/2021,Maidenhead,Barnet,0,0,,,D,1.46,4.4,5.91,1.51,5.0,6.4
EC,10/04/2021,Torquay,Weymouth,2,1,,1,H,1.51,4.04,5.84,1.59,4.4,6.58
EC,10/04/2021,Wrexham,Stockport,0,3,,2,A,3.0,3.0,2.4,3.28,3.15,2.55
EC,10/04/2021,Hartlepool,Notts County,2,0,1,,H,2.28,3.14,3.07,2.4,3.4,3.29
EC,13/04/2021,Dag and Red,Eastleigh,2,0,1,,H,2.32,3.16,3.03,2.46,3.5,3.2
EC,13/04/2021,Halifax,Wrexham,0,4,,4,A,2.27,3.16,3.1,2.33,3.5,3.28
EC,13/04/2021,Solihull,Notts County,2,1,,1,H,2.76,3.15,2.5,2.97,3.5,2.78
EC,13/04/2021,Stockport,Kings Lynn,4,0,1,,H,1.28,5.2,9.74,1.31,5.8,11.0
EC,13/04/2021,Sutton,Torquay,0,1,,,A,2.18,3.05,3.41,2.32,3.4,3.63
EC,13/04/2021,Chesterfield,Boreham Wood,0,0,,,D,2.15,3.12,3.41,2.26,3.3,3.75
EC,13/04/2021,Weymouth,Aldershot,0,3,,1,A,3.9,3.33,1.91,4.27,3.6,1.97
EC,13/04/2021,Woking,Bromley,3,4,2,1,A,3.1,3.23,2.24,3.22,3.41,2.38
EC,17/04/2021,Halifax,Kings Lynn,4,2,2,2,H,1.51,3.89,6.07,1.57,4.33,7.4
EC,17/04/2021,Barnet,Aldershot,3,1,1,1,H,3.61,3.49,1.92,3.82,3.77,2.0
EC,17/04/2021,Chesterfield,Bromley,1,2,,1,A,1.75,3.66,4.21,1.81,3.89,4.5
EC,17/04/2021,Dag and Red,Solihull,3,2,2,1,H,2.23,3.33,2.99,2.33,3.55,3.2
EC,17/04/2021,Notts County,Eastleigh,0,1,,1,A,1.79,3.4,4.38,1.85,3.62,4.75
EC,17/04/2021,Stockport,Maidenhead,2,2,1,1,D,1.35,4.6,8.22,1.39,5.0,9.51
EC,17/04/2021,Wealdstone,Hartlepool,2,7,,3,A,5.47,3.95,1.55,6.0,4.2,1.6
EC,17/04/2021,Woking,Wrexham,0,4,,1,A,3.04,3.19,2.27,3.2,3.37,2.35
EC,17/04/2021,Yeovil,Boreham Wood,1,0,1,,H,2.3,3.27,2.93,2.43,3.45,3.15
EC,17/04/2021,Altrincham,Sutton,0,4,,2,A,3.17,3.29,2.17,3.4,3.42,2.25
EC,20/04/2021,Aldershot,Kings Lynn,1,1,1,,D,1.79,3.6,4.08,1.88,3.78,4.35
EC,20/04/2021,Boreham Wood,Barnet,0,0,,,D,1.44,4.17,6.68,1.49,4.57,7.83
EC,20/04/2021,Chesterfield,Halifax,1,2,,2,A,2.13,3.24,3.31,2.26,3.6,3.6
EC,20/04/2021,Wealdstone,Maidenhead,0,6,,1,A,3.75,3.67,1.85,4.5,3.91,1.9
EC,20/04/2021,Woking,Torquay,0,2,,2,A,4.05,3.68,1.78,4.37,3.97,1.85
EC,24/04/2021,Aldershot,Wealdstone,2,0,1,,H,1.55,4.09,5.24,1.6,4.33,5.75
EC,24/04/2021,Altrincham,Barnet,2,3,2,1,A,1.64,3.73,4.89,1.71,3.84,5.5
EC,24/04/2021,Boreham Wood,Stockport,0,3,,2,A,3.34,3.05,2.2,3.6,3.3,2.27
EC,24/04/2021,Halifax,Bromley,1,2,,1,A,2.36,3.39,2.74,2.46,3.58,3.1
EC,24/04/2021,Kings Lynn,Dag and Red,0,3,,2,A,3.09,3.41,2.15,3.24,3.6,2.2
EC,24/04/2021,Maidenhead,Woking,2,1,2,,H,1.83,3.64,3.82,1.91,3.91,4.11
EC,24/04/2021,Solihull,Yeovil,5,1,1,,H,2.22,3.39,2.96,2.3,3.54,3.12
EC,24/04/2021,Torquay,Notts County,2,2,,1,D,2.29,3.29,2.93,2.35,3.42,3.04
EC,24/04/2021,Wrexham,Chesterfield,0,0,,,D,2.34,3.0,3.11,2.41,3.2,3.34
EC,24/04/2021,Eastleigh,Sutton,1,0,1,,H,3.65,3.17,2.03,3.9,3.3,2.11
EC,27/04/2021,Halifax,Woking,1,0,,,H,1.67,3.7,4.77,1.72,3.91,5.25
EC,27/04/2021,Kings Lynn,Stockport,0,4,,4,A,10.51,5.56,1.24,13.0,6.0,1.28
EC,27/04/2021,Sutton,Barnet,1,0,,,H,1.35,4.79,7.75,1.39,5.1,8.6
EC,27/04/2021,Torquay,Aldershot,2,1,1,1,H,1.83,3.45,4.16,1.9,3.62,4.45
EC,27/04/2021,Yeovil,Solihull,3,0,1,,H,2.3,3.23,2.98,2.4,3.5,3.14
EC,27/04/2021,Bromley,Chesterfield,1,2,,,A,2.95,3.3,2.29,3.1,3.45,2.36
EC,27/04/2021,Eastleigh,Notts County,2,0,,,H,3.18,3.14,2.23,3.35,3.33,2.29
EC,27/04/2021,Maidenhead,Weymouth,0,1,,1,A,1.6,3.92,5.04,1.67,4.13,6.0
EC,01/05/2021,Altrincham,Notts County,1,1,1,1,D,3.01,3.08,2.36,3.21,3.25,2.43
EC,01/05/2021,Barnet,Dag and Red,0,2,,1,A,4.17,3.47,1.81,4.5,3.65,1.89
EC,01/05/2021,Halifax,Stockport,0,1,,1,A,3.62,3.46,1.94,3.76,3.67,2.0
EC,01/05/2021,Kings Lynn,Maidenhead,0,0,,,D,3.23,3.79,1.98,3.4,4.04,2.1
EC,01/05/2021,Sutton,Aldershot,3,1,2,1,H,1.81,3.37,4.3,1.86,3.54,4.61
EC,01/05/2021,Torquay,Eastleigh,3,1,1,,H,1.84,3.3,4.29,1.88,3.43,4.66
EC,01/05/2021,Wealdstone,Yeovil,0,2,,2,A,5.13,4.0,1.57,5.5,4.3,1.65
EC,01/05/2021,Woking,Weymouth,2,4,1,1,A,2.2,3.28,3.09,2.29,3.41,3.25
EC,01/05/2021,Wrexham,Solihull,2,1,2,,H,2.21,3.1,3.26,2.31,3.24,3.43
EC,01/05/2021,Hartlepool,Chesterfield,3,1,3,,H,2.22,3.18,3.19,2.28,3.3,3.34
EC,03/05/2021,Boreham Wood,Kings Lynn,5,1,1,1,H,1.43,4.12,7.15,1.46,4.4,9.0
EC,03/05/2021,Bromley,Hartlepool,1,0,1,,H,2.96,3.36,2.26,3.1,3.54,2.33
EC,03/05/2021,Chesterfield,Torquay,0,2,,1,A,2.56,3.09,2.74,2.64,3.23,2.86
EC,03/05/2021,Dag and Red,Woking,3,1,2,,H,1.54,3.85,5.95,1.63,4.1,7.5
EC,03/05/2021,Maidenhead,Wrexham,2,2,2,,D,3.07,3.22,2.26,3.25,3.37,2.38
EC,03/05/2021,Solihull,Altrincham,4,0,1,,H,2.2,3.22,3.19,2.26,3.36,3.33
EC,03/05/2021,Stockport,Wealdstone,4,0,,,H,1.1,8.69,19.03,1.12,9.75,25.0
EC,03/05/2021,Weymouth,Barnet,0,2,,1,A,2.21,3.44,2.98,2.28,3.64,3.1
EC,03/05/2021,Yeovil,Halifax,0,3,,1,A,2.38,3.23,2.87,2.53,3.4,3.06
EC,04/05/2021,Notts County,Sutton,3,2,1,1,H,2.85,3.05,2.49,2.98,3.2,2.6
EC,08/05/2021,Barnet,Notts County,1,4,,1,A,5.42,3.94,1.55,6.0,4.2,1.6
EC,08/05/2021,Halifax,Boreham Wood,0,1,,,A,2.2,3.24,3.14,2.25,3.39,3.31
EC,08/05/2021,Hartlepool,Maidenhead,2,4,1,2,A,1.67,3.72,4.72,1.74,3.9,5.03
EC,08/05/2021,Sutton,Weymouth,2,0,1,,H,1.34,4.73,8.04,1.4,5.1,10.0
EC,08/05/2021,Wealdstone,Dag and Red,0,5,,4,A,10.17,5.42,1.26,12.0,6.0,1.31
EC,08/05/2021,Woking,Chesterfield,1,4,1,3,A,6.02,3.94,1.51,6.7,4.15,1.55
EC,08/05/2021,Wrexham,Yeovil,3,0,3,,H,2.11,3.26,3.31,2.2,3.42,3.59
EC,08/05/2021,Torquay,Bromley,0,0,,,D,2.07,3.3,3.38,2.17,3.5,3.65
EC,11/05/2021,Aldershot,Yeovil,2,0,,,H,2.19,3.42,3.04,2.3,3.6,3.2
EC,11/05/2021,Solihull,Weymouth,2,1,1,1,H,1.66,3.74,4.85,1.7,4.2,5.5
EC,11/05/2021,Stockport,Dag and Red,1,1,1,1,D,1.52,4.12,5.62,1.57,4.4,6.5
EC,11/05/2021,Chesterfield,Kings Lynn,4,1,2,1,H,1.22,5.89,11.09,1.25,6.5,13.0
EC,11/05/2021,Maidenhead,Notts County,0,4,,1,A,3.49,3.46,1.98,3.69,3.62,2.05
EC,11/05/2021,Wealdstone,Bromley,0,1,,,A,11.04,6.27,1.21,13.0,6.7,1.25
EC,11/05/2021,Sutton,Woking,3,2,1,1,H,1.19,6.42,12.65,1.21,7.1,15.0
EC,15/05/2021,Aldershot,Hartlepool,1,3,,,A,3.72,3.49,1.93,3.86,3.62,1.97
EC,15/05/2021,Boreham Wood,Wrexham,2,3,2,,A,2.45,3.29,2.75,2.53,3.4,2.9
EC,15/05/2021,Chesterfield,Wealdstone,0,0,,,D,1.15,7.34,15.06,1.17,8.2,17.1
EC,15/05/2021,Dag and Red,Halifax,3,0,2,,H,2.07,3.52,3.26,2.13,3.68,3.35
EC,15/05/2021,Eastleigh,Barnet,3,0,1,,H,1.63,3.76,5.23,1.66,4.5,5.6
EC,15/05/2021,Maidenhead,Sutton,0,3,,,A,4.68,3.59,1.72,5.1,4.0,1.75
EC,15/05/2021,Notts County,Bromley,2,2,,1,D,1.98,3.42,3.61,2.01,3.62,3.78
EC,15/05/2021,Solihull,Woking,2,1,1,,H,1.34,4.68,9.1,1.37,5.25,10.0
EC,15/05/2021,Weymouth,Altrincham,2,1,1,,H,2.24,3.33,3.05,2.3,3.46,3.15
EC,15/05/2021,Yeovil,Kings Lynn,3,1,2,1,H,1.37,4.97,7.12,1.42,5.41,8.5
EC,18/05/2021,Wrexham,Notts County,0,1,,1,A,2.76,3.1,2.53,2.88,3.3,2.65
EC,18/05/2021,Aldershot,Eastleigh,1,3,,1,A,3.08,3.22,2.25,3.32,3.4,2.34
EC,18/05/2021,Weymouth,Boreham Wood,1,3,,2,A,3.72,3.8,1.83,4.01,4.05,1.93
EC,18/05/2021,Yeovil,Maidenhead,0,0,,,D,2.04,3.78,3.1,2.1,4.05,3.3
EC,19/05/2021,Solihull,Barnet,1,0,,,H,1.49,4.41,5.48,1.53,4.6,6.0
EC,22/05/2021,Aldershot,Bromley,2,3,,1,A,3.62,3.47,1.94,3.9,3.71,2.05
EC,22/05/2021,Altrincham,Yeovil,4,3,2,,H,2.8,3.22,2.41,3.2,3.44,2.52
EC,22/05/2021,Chesterfield,Dag and Red,2,1,1,1,H,2.21,3.76,2.77,2.3,4.1,3.0
EC,22/05/2021,Eastleigh,Boreham Wood,1,0,,,H,2.11,3.36,3.22,2.18,3.61,3.4
EC,22/05/2021,Maidenhead,Halifax,1,2,,1,A,3.38,3.43,2.02,3.5,3.63,2.1
EC,22/05/2021,Notts County,Weymouth,3,0,2,,H,1.26,5.25,10.7,1.32,6.0,13.0
EC,22/05/2021,Stockport,Woking,1,1,1,1,D,1.18,6.48,12.94,1.2,7.46,15.0
EC,22/05/2021,Torquay,Barnet,2,2,2,1,D,1.19,6.23,13.06,1.24,7.0,17.0
EC,22/05/2021,Wealdstone,Solihull,1,4,,2,A,9.46,5.61,1.26,11.0,6.0,1.32
EC,22/05/2021,Wrexham,Kings Lynn,5,3,3,1,H,1.24,5.67,10.11,1.29,6.2,12.0
EC,23/05/2021,Sutton,Hartlepool,3,0,1,,H,2.24,3.29,3.05,2.34,3.5,3.16
EC,25/05/2021,Altrincham,Eastleigh,1,1,,,D,3.79,3.58,1.86,4.1,3.8,1.91
EC,25/05/2021,Barnet,Maidenhead,2,0,,,H,2.43,3.59,2.56,2.5,3.87,2.64
EC,25/05/2021,Kings Lynn,Solihull,1,1,1,,D,4.33,4.28,1.63,4.6,4.75,1.7
EC,29/05/2021,Altrincham,Torquay,0,0,,,D,3.84,3.79,1.8,4.33,4.05,1.88
EC,29/05/2021,Barnet,Sutton,2,0,,,H,4.89,4.12,1.57,5.25,4.5,1.64
EC,29/05/2021,Boreham Wood,Maidenhead,1,4,,2,A,1.87,3.65,3.68,1.92,4.0,3.83
EC,29/05/2021,Bromley,Notts County,1,0,,,H,1.99,3.65,3.29,2.05,3.88,3.49
EC,29/05/2021,Dag and Red,Wrexham,1,1,,,D,3.14,3.64,2.05,3.3,3.89,2.14
EC,29/05/2021,Halifax,Chesterfield,1,2,1,1,A,2.49,3.6,2.49,2.58,3.82,2.55
EC,29/05/2021,Hartlepool,Weymouth,4,0,2,,H,1.19,6.31,12.67,1.22,7.1,15.0
EC,29/05/2021,Kings Lynn,Aldershot,4,4,1,2,D,2.1,3.79,2.93,2.15,4.01,3.07
EC,29/05/2021,Solihull,Eastleigh,2,0,2,,H,2.93,3.41,2.24,3.2,3.65,2.37
EC,29/05/2021,Woking,Wealdstone,2,4,1,1,A,1.79,3.9,3.77,1.86,4.05,4.0
EC,29/05/2021,Yeovil,Stockport,0,1,,1,A,6.24,4.4,1.44,6.7,4.6,1.49
